gene	chr	tpm	pcon	phicpm	pchcpm	patcpm	phichat	eatcpm	ehicpm	ehichat
Dyrk3	chr1	86.22680798	10	300	7.38174773	38.65951766	1000	23	447	460
