gene	chr	tpm	pcon	phicpm	pchcpm	patcpm	phichat	eatcpm	ehicpm	ehichat
Dyrk3	chr1	86.22680798	12	734	7.38174773	38.65951766	2237.267997	123.7374796	1447	1464.348541
